{"accuracy": 0.4608843537414966, "spearman": 0.04940429751709947}