{"accuracy": 0.4302721088435374, "spearman": -0.08343230638332641}